station_id,name_or_location,area_lga,operator,type,status_reported,date_reported,source_ids,sources_count,confidence,latitude,longitude,notes,geocode_query,geocode_precision
L01,Lateef Jakande Road / Agidingbi,Ikeja,NNPC Retail / NIPCO,Fixed station,Operational,2025-01,S34;S35,2,Medium,6.6216669,3.351199,Commissioned Jul 2024,"Lateef Jakande Road / Agidingbi, Ikeja, Lagos, Nigeria",location
L02,Agege Motor Road,Mushin,NNPC Retail / NIPCO,Fixed station,Operational,2025-01,S34;S35,2,Medium,6.55235,3.3532183,Commissioned Jul 2024,"Agege Motor Road, Mushin, Lagos, Nigeria",location
L03,Lekki-Epe Expressway (Sangotedo),Eti-Osa,NNPC Retail / NIPCO,Fixed station,Operational,2025-01,S34;S35,2,Medium,6.470669,3.6389766,Commissioned Jul 2024,"Lekki-Epe Expressway (Sangotedo), Eti-Osa, Lagos, Nigeria",location
L04,Mobile Road,Apapa,NNPC Retail / NIPCO,Fixed station,Operational,2025-01,S34;S35,2,Medium,6.445187,3.3683732,Commissioned Jul 2024,"Apapa, Lagos, Nigeria",area
L05,Fola Agoro,Shomolu,NNPC Retail,Mobile refuelling unit,Operational,2025-01,S35;S36,2,Medium,6.5272197,3.3808012,,"Fola Agoro, Shomolu, Lagos, Nigeria",location
L06,Agege Bypass (Idimangoro),Agege / Ifako-Ijaiye,NNPC Retail,Mobile refuelling unit,Operational,2025-01,S35;S36,2,Medium,6.6252516,3.3112096,,"Agege, Lagos, Nigeria",area
L07,Alapere (Oworonshoki Expressway),Kosofe,NNPC Retail,Mobile refuelling unit,Planned (end Jan 2025),2025-01,S35;S36,2,Low,6.581974,3.4148359,Opening not confirmed,"Kosofe, Lagos, Nigeria",area
L08,Marina,Lagos Island,NNPC Retail,Mobile refuelling unit,Planned (end Jan 2025),2025-01,S35;S36,2,Low,6.4461596,3.3950293,Opening not confirmed,"Marina, Lagos Island, Lagos, Nigeria",location
L09,Lakowe (Lagos-Epe Expressway),Ibeju-Lekki,NNPC Retail,Mobile refuelling unit,Planned (end Jan 2025),2025-01,S35;S36,2,Low,6.4525041,3.7423765,Opening not confirmed,"Lakowe (Lagos-Epe Expressway), Ibeju-Lekki, Lagos, Nigeria",location
L10,Odogunyan (Ikorodu-Sagamu Road),Ikorodu,NNPC Retail,Mobile refuelling unit,Planned (end Jan 2025),2025-01,S35;S36,2,Low,6.6583918,3.5205096,Opening not confirmed,"Odogunyan (Ikorodu-Sagamu Road), Ikorodu, Lagos, Nigeria",location
L11,Portland Gas CNG Mother Station (Ojota Interchange),Kosofe,Portland Gas,Mother station,Commissioned,2026-05-30,S37;S39,2,Medium,6.581974,3.4148359,96000 scm/day capacity; also an approved conversion centre,"Kosofe, Lagos, Nigeria",area
L12,IBILE (IOGC) flagship station,Ojota (Kosofe),IBILE Oil & Gas Corp (Lagos State),Fixed station,Commissioned,2026-05-30,S37,1,Low,6.5870705,3.3791462,Part of 15-station IOGC network,"Ojota, Lagos, Nigeria",area
L13,IBILE (IOGC) station,Ogudu (Kosofe),IBILE Oil & Gas Corp,Fixed station,Commissioned (network),2026-05-30,S37,1,Low,6.5750008,3.3905268,,"Ogudu, Lagos, Nigeria",area
L14,IBILE (IOGC) station,Ikota (Eti-Osa),IBILE Oil & Gas Corp,Fixed station,Commissioned (network),2026-05-30,S37,1,Low,6.452084,3.5683019,,"Ikota, Lagos, Nigeria",area
L15,IBILE (IOGC) station,Agege,IBILE Oil & Gas Corp,Fixed station,Commissioned (network),2026-05-30,S37,1,Low,6.6252516,3.3112096,,"Agege, Lagos, Nigeria",area
L16,IBILE (IOGC) station,Oko-Oba (Agege),IBILE Oil & Gas Corp,Fixed station,Commissioned (network),2026-05-30,S37,1,Low,6.6501496,3.3193745,,"Oko-Oba, Lagos, Nigeria",area
L17,IBILE (IOGC) station,Ajah (Eti-Osa),IBILE Oil & Gas Corp,Fixed station,Commissioned (network),2026-05-30,S37,1,Low,6.4694716,3.5623861,,"Ajah, Lagos, Nigeria",area
L18,IBILE (IOGC) station,Idimu (Alimosho),IBILE Oil & Gas Corp,Fixed station,Commissioned (network),2026-05-30,S37,1,Low,6.5752564,3.2839038,,"Idimu, Lagos, Nigeria",area
L19,IBILE (IOGC) station,Ogolonto (Ikorodu),IBILE Oil & Gas Corp,Fixed station,Commissioned (network),2026-05-30,S37,1,Low,6.6196284,3.474762,,"Ogolonto, Lagos, Nigeria",area
L20,IBILE (IOGC) station,Abule Egba (Alimosho),IBILE Oil & Gas Corp,Fixed station,Commissioned (network),2026-05-30,S37,1,Low,6.6478943,3.3046224,,"Abule Egba, Lagos, Nigeria",area
L21,IBILE (IOGC) station,Badagry,IBILE Oil & Gas Corp,Fixed station,Commissioned (network),2026-05-30,S37,1,Low,6.4393223,2.9060324,,"Badagry, Lagos, Nigeria",area
L22,IBILE (IOGC) station,Ayobo (Alimosho),IBILE Oil & Gas Corp,Fixed station,Commissioned (network),2026-05-30,S37,1,Low,6.6020338,3.2437944,,"Ayobo, Lagos, Nigeria",area
