respondent_id,consent,vehicle,ownership,days_per_week,hours_per_day,gross_per_day,fuel_type,petrol_spend_per_day,barriers,convert_if_station,convert_if_free,conversion_cost,payment_method,cng_spend_per_day,petrol_before_per_day,refuels_per_day,queue_band,cng_shortage,saved_money,administration_mode,vehicle_type,uses_cng,queue_hours,daily_queue_hours,gross_per_hour,fuel_saving_pct,quality_flag,barrier_too_expensive,barrier_no_station,barrier_long_queues,barrier_safety,barrier_not_my_vehicle
R01,"Yes, I agree",Danfo / minibus,"Yes, I own it",7,7,80000,Both CNG and petrol,,,,,,Free government programme,7500.0,35000.0,2.0,1 to 2 hours,Once or twice,"Yes, a lot",self,danfo,True,1.5,3.0,11428.57142857143,0.7857142857142857,,,,,,
R02,"Yes, I agree","Ride-hailing car (Uber, Bolt, inDrive, etc.)","No, I pay the owner daily or weekly",6,8,120000,CNG (gas) only,,,,,,The owner paid,8400.0,46000.0,2.0,30 minutes to 1 hour,Never,"Yes, a lot",self,ride_hailing,True,0.75,1.5,15000.0,0.817391304347826,,,,,,
R03,"Yes, I agree",Danfo / minibus,Hire purchase (I am paying to own it),7,11,90000,Both CNG and petrol,,,,,0.0,Free government programme,8600.0,37000.0,2.0,1 to 2 hours,Once or twice,"Yes, a lot",self,danfo,True,1.5,3.0,8181.818181818182,0.7675675675675675,,,,,,
R04,"Yes, I agree",Danfo / minibus,"No, I pay the owner daily or weekly",6,10,140000,Both CNG and petrol,,,,,0.0,Free government programme,6500.0,45000.0,3.0,30 minutes to 1 hour,Never,"Yes, a lot",self,danfo,True,0.75,2.25,14000.0,0.8555555555555556,,,,,,
R05,"Yes, I agree","Ride-hailing car (Uber, Bolt, inDrive, etc.)","No, I pay the owner daily or weekly",6,9,78000,CNG (gas) only,,,,,0.0,Free government programme,8200.0,60000.0,3.0,Less than 30 minutes,Once or twice,"Yes, a lot",self,ride_hailing,True,0.25,0.75,8666.666666666666,0.8633333333333333,,,,,,
R06,"Yes, I agree","Ride-hailing car (Uber, Bolt, inDrive, etc.)",Hire purchase (I am paying to own it),6,9,180000,Both CNG and petrol,,,,,0.0,Free government programme,7000.0,45000.0,2.0,Less than 30 minutes,Once or twice,"Yes, a lot",self,ride_hailing,True,0.25,0.5,20000.0,0.8444444444444444,,,,,,
R07,"Yes, I agree","Ride-hailing car (Uber, Bolt, inDrive, etc.)",Hire purchase (I am paying to own it),7,8,200000,Both CNG and petrol,,,,,0.0,Free government programme,9000.0,45000.0,3.0,30 minutes to 1 hour,Once or twice,"Yes, a lot",self,ride_hailing,True,0.75,2.25,25000.0,0.8,,,,,,
R08,"Yes, I agree","Ride-hailing car (Uber, Bolt, inDrive, etc.)",Hire purchase (I am paying to own it),7,8,170000,Both CNG and petrol,,,,,0.0,Free government programme,8000.0,67000.0,2.0,30 minutes to 1 hour,Once or twice,"Yes, a lot",self,ride_hailing,True,0.75,1.5,21250.0,0.8805970149253731,,,,,,
R09,"Yes, I agree",Danfo / minibus,"No, I pay the owner daily or weekly",6,11,10000,Petrol only,2500.0,The vehicle is not mine,Yes,Yes,,,,,,,,,self,danfo,False,,,909.0909090909091,,"gross < 20,000",False,False,False,False,True
R10,"Yes, I agree",Danfo / minibus,"No, I pay the owner daily or weekly",7,10,90000,Both CNG and petrol,,,,,0.0,Free government programme,4200.0,35000.0,1.0,30 minutes to 1 hour,Once or twice,"Yes, a lot",self,danfo,True,0.75,0.75,9000.0,0.88,,,,,,
R11,"Yes, I agree",Danfo / minibus,"Yes, I own it",6,11,150000,CNG (gas) only,,,,,0.0,Free government programme,8000.0,30000.0,2.0,1 to 2 hours,Never,"Yes, a lot",interviewer,danfo,True,1.5,3.0,13636.363636363636,0.7333333333333334,,,,,,
R12,"Yes, I agree","Ride-hailing car (Uber, Bolt, inDrive, etc.)","No, I pay the owner daily or weekly",7,12,42000,CNG (gas) only,,,,,0.0,Free government programme,7200.0,35000.0,2.0,1 to 2 hours,Often,"Yes, a little",interviewer,ride_hailing,True,1.5,3.0,3500.0,0.7942857142857143,,,,,,
R13,"Yes, I agree","Ride-hailing car (Uber, Bolt, inDrive, etc.)",Hire purchase (I am paying to own it),7,13,150000,Both CNG and petrol,,,,,0.0,Free government programme,4200.0,52000.0,1.0,1 to 2 hours,Often,"Yes, a lot",interviewer,ride_hailing,True,1.5,1.5,11538.461538461539,0.9192307692307692,,,,,,
R14,"Yes, I agree",Keke (tricycle),Hire purchase (I am paying to own it),7,8,40000,Both CNG and petrol,,,,,0.0,Free government programme,4200.0,10000.0,1.0,2 to 4 hours,Often,No difference,interviewer,keke,True,3.0,3.0,5000.0,0.5800000000000001,,,,,,
R15,"Yes, I agree","Ride-hailing car (Uber, Bolt, inDrive, etc.)",Hire purchase (I am paying to own it),7,6,50000,Petrol only,180000.0,There are no CNG stations near where I work,Yes,Yes,,,,,,,,,interviewer,ride_hailing,False,,,8333.333333333334,,petrol spend >= gross,False,True,False,False,False
R16,"Yes, I agree",Keke (tricycle),"Yes, I own it",7,12,80000,Petrol only,9000.0,"Conversion is too expensive, There are no CNG stations near where I work",Not sure,Yes,,,,,,,,,interviewer,keke,False,,,6666.666666666667,,,True,True,False,False,False
R17,"Yes, I agree",Danfo / minibus,Hire purchase (I am paying to own it),7,8,11000,Petrol only,30000.0,"Conversion is too expensive, There are no CNG stations near where I work, The queues at CNG stations are too long, I am worried about safety",No,No,,,,,,,,,interviewer,danfo,False,,,1375.0,,"petrol spend >= gross; gross < 20,000",True,True,True,True,False
R18,"Yes, I agree",Taxi,Hire purchase (I am paying to own it),7,9,130000,Petrol only,25000.0,"There are no CNG stations near where I work, The queues at CNG stations are too long",Yes,Yes,,,,,,,,,interviewer,taxi,False,,,14444.444444444445,,,False,True,True,False,False
R19,"Yes, I agree",Danfo / minibus,Hire purchase (I am paying to own it),7,11,145000,Petrol only,35000.0,"There are no CNG stations near where I work, The queues at CNG stations are too long",Yes,Yes,,,,,,,,,interviewer,danfo,False,,,13181.818181818182,,,False,True,True,False,False
R20,"Yes, I agree",Danfo / minibus,"Yes, I own it",7,13,80000,Petrol only,28000.0,"Conversion is too expensive, There are no CNG stations near where I work, The queues at CNG stations are too long",Yes,Yes,,,,,,,,,interviewer,danfo,False,,,6153.846153846154,,,True,True,True,False,False
R21,"Yes, I agree",Danfo / minibus,"Yes, I own it",7,6,50000,Petrol only,15000.0,"Conversion is too expensive, There are no CNG stations near where I work, The queues at CNG stations are too long",Yes,Yes,,,,,,,,,interviewer,danfo,False,,,8333.333333333334,,,True,True,True,False,False
R22,"Yes, I agree","Ride-hailing car (Uber, Bolt, inDrive, etc.)","Yes, I own it",7,9,25000,Petrol only,25000.0,The queues at CNG stations are too long,Yes,Yes,,,,,,,,,interviewer,ride_hailing,False,,,2777.777777777778,,petrol spend >= gross,False,False,True,False,False
R23,"Yes, I agree","Ride-hailing car (Uber, Bolt, inDrive, etc.)","Yes, I own it",7,12,120000,Petrol only,35000.0,"Conversion is too expensive, There are no CNG stations near where I work, The queues at CNG stations are too long",Yes,Yes,,,,,,,,,interviewer,ride_hailing,False,,,10000.0,,,True,True,True,False,False
R24,"Yes, I agree",Keke (tricycle),"No, I pay the owner daily or weekly",6,13,140000,Petrol only,28000.0,"Conversion is too expensive, There are no CNG stations near where I work, The queues at CNG stations are too long",Yes,Yes,,,,,,,,,interviewer,keke,False,,,10769.23076923077,,,True,True,True,False,False
R25,"Yes, I agree","Ride-hailing car (Uber, Bolt, inDrive, etc.)","Yes, I own it",7,14,11000,Petrol only,30000.0,"Conversion is too expensive, There are no CNG stations near where I work, The queues at CNG stations are too long",Yes,Yes,,,,,,,,,interviewer,ride_hailing,False,,,785.7142857142857,,"petrol spend >= gross; gross < 20,000",True,True,True,False,False
