station_id,name_or_location,area_lga,operator,type,status_reported,date_reported,source_ids,sources_count,confidence,latitude,longitude,notes
L01,Lateef Jakande Road / Agidingbi,Ikeja,NNPC Retail / NIPCO,Fixed station,Operational,2025-01,S34;S35,2,Medium,,,Commissioned Jul 2024
L02,Agege Motor Road,Mushin,NNPC Retail / NIPCO,Fixed station,Operational,2025-01,S34;S35,2,Medium,,,Commissioned Jul 2024
L03,Lekki-Epe Expressway (Sangotedo),Eti-Osa,NNPC Retail / NIPCO,Fixed station,Operational,2025-01,S34;S35,2,Medium,,,Commissioned Jul 2024
L04,Mobile Road,Apapa,NNPC Retail / NIPCO,Fixed station,Operational,2025-01,S34;S35,2,Medium,,,Commissioned Jul 2024
L05,Fola Agoro,Shomolu,NNPC Retail,Mobile refuelling unit,Operational,2025-01,S35;S36,2,Medium,,,
L06,Agege Bypass (Idimangoro),Agege / Ifako-Ijaiye,NNPC Retail,Mobile refuelling unit,Operational,2025-01,S35;S36,2,Medium,,,
L07,Alapere (Oworonshoki Expressway),Kosofe,NNPC Retail,Mobile refuelling unit,Planned (end Jan 2025),2025-01,S35;S36,2,Low,,,Opening not confirmed
L08,Marina,Lagos Island,NNPC Retail,Mobile refuelling unit,Planned (end Jan 2025),2025-01,S35;S36,2,Low,,,Opening not confirmed
L09,Lakowe (Lagos-Epe Expressway),Ibeju-Lekki,NNPC Retail,Mobile refuelling unit,Planned (end Jan 2025),2025-01,S35;S36,2,Low,,,Opening not confirmed
L10,Odogunyan (Ikorodu-Sagamu Road),Ikorodu,NNPC Retail,Mobile refuelling unit,Planned (end Jan 2025),2025-01,S35;S36,2,Low,,,Opening not confirmed
L11,Portland Gas CNG Mother Station (Ojota Interchange),Kosofe,Portland Gas,Mother station,Commissioned,2026-05-30,S37;S39,2,Medium,,,96000 scm/day capacity; also an approved conversion centre
L12,IBILE (IOGC) flagship station,Ojota (Kosofe),IBILE Oil & Gas Corp (Lagos State),Fixed station,Commissioned,2026-05-30,S37,1,Low,,,Part of 15-station IOGC network
L13,IBILE (IOGC) station,Ogudu (Kosofe),IBILE Oil & Gas Corp,Fixed station,Commissioned (network),2026-05-30,S37,1,Low,,,
L14,IBILE (IOGC) station,Ikota (Eti-Osa),IBILE Oil & Gas Corp,Fixed station,Commissioned (network),2026-05-30,S37,1,Low,,,
L15,IBILE (IOGC) station,Agege,IBILE Oil & Gas Corp,Fixed station,Commissioned (network),2026-05-30,S37,1,Low,,,
L16,IBILE (IOGC) station,Oko-Oba (Agege),IBILE Oil & Gas Corp,Fixed station,Commissioned (network),2026-05-30,S37,1,Low,,,
L17,IBILE (IOGC) station,Ajah (Eti-Osa),IBILE Oil & Gas Corp,Fixed station,Commissioned (network),2026-05-30,S37,1,Low,,,
L18,IBILE (IOGC) station,Idimu (Alimosho),IBILE Oil & Gas Corp,Fixed station,Commissioned (network),2026-05-30,S37,1,Low,,,
L19,IBILE (IOGC) station,Ogolonto (Ikorodu),IBILE Oil & Gas Corp,Fixed station,Commissioned (network),2026-05-30,S37,1,Low,,,
L20,IBILE (IOGC) station,Abule Egba (Alimosho),IBILE Oil & Gas Corp,Fixed station,Commissioned (network),2026-05-30,S37,1,Low,,,
L21,IBILE (IOGC) station,Badagry,IBILE Oil & Gas Corp,Fixed station,Commissioned (network),2026-05-30,S37,1,Low,,,
L22,IBILE (IOGC) station,Ayobo (Alimosho),IBILE Oil & Gas Corp,Fixed station,Commissioned (network),2026-05-30,S37,1,Low,,,
