parameter,unit,vehicle,low,mid,high,source_ids,confidence,notes
petrol_price_national,NGN per litre,all,1051,1400,1596,S14;S11;S16,High,Feb 2026 / ~Oct 2026 press estimate / May 2026 NBS peak
petrol_price_lagos,NGN per litre,all,837,967,1100,S33;S14;S30,Medium,837 = NNPC Lagos pump Mar 2026; 967 = NBS Lagos avg Feb 2026; 1100 = NBS Lagos Jun 2025; no NBS Lagos figure yet for Mar-May 2026 surge
cng_price,NGN per scm,car/bus,230,318,380,S13;S11;S10,Medium,"230 = NNPC stations Sept 2025; 318 = BusinessDay Oct 2026; 380 = official NGML/NADDC rate Aug 2026; some stations 400-500+; MBH Power own station quoted 480 (Oct 2024, S40)"
cng_price,NGN per scm,heavy,,450,,S10;S12,Medium,Official heavy-duty rate
petrol_efficiency,km per litre,car,9,10,11,S20,Low,Single source; average car; varies 8-20 by vehicle; to be validated with survey data
cng_efficiency,km per scm,car,,10.67,,S20,Low,Single source; implies roughly 1 scm ~ 1 litre petrol on distance; official cost benchmark implies ~6-7 km per unit for both fuels (see conflicts C4)
efficiency_ratio,ratio,all,1.0,1.0,1.0,S20;S05,Low,1 scm about equal to 1 litre on distance (C4); car data applied to keke
benchmark_running_cost_cng,NGN per 100km,car,5200,5600,6000,S05;S11,Medium,Official benchmark; validation check, not a model input
benchmark_running_cost_petrol,NGN per 100km,car,19500,21450,23400,S05;S11,Medium,Official benchmark; validation check, not a model input
cng_tank_range,km per fill,car,,200,,S20,Low,17 scm tank in 4-cylinder car
conversion_cost,NGN,car,300000,1300000,1700000,S42;S40;S41,Medium,Low = official estimate (2023); mid/high = published Lagos centre quotes (MBH Power 1.3m; Autogig up to 1.7m; extreme 2.5m); see conversion_prices.csv
conversion_cost,NGN,keke,100000,375000,650000,S43;S04,Low,mid = midpoint of 100k-650k range; official estimates proved too low for cars (C10)
conversion_cost_after_subsidy,NGN,commercial (via association),0,,,S17,Low,Free kits for commercial vehicles in 2024; 2026 status unverified
conversion_subsidy_share,percent,e-hailing/private,,50,,S17;S02,Low,50% discount reported 2024-25; 2026 status unverified
loan_interest_rate,percent per year,all,15,17.5,20,S18,Medium,MOFI/CREDICORP CALM scheme
loan_tenor,years,all,1,2,3,S18,Medium,
working_days_per_year,days,all,312,312,312,,Assumption,6 days x 52 weeks; to be checked against survey question on days worked
keke_daily_fuel_cost_petrol,NGN per day,keke,,15000,,S19,Low,2024 prices (petrol ~1000/L); requires rescaling to current prices
keke_daily_fuel_cost_cng,NGN per day,keke,2500,2750,3000,S19,Low,Union claim at 2024 prices
ridehail_daily_gross,NGN per day,car,36000,48000,60000,S21,Low,Small sample; pre-2026
ridehail_daily_fuel_petrol,NGN per day,car,,20000,,S21,Low,Pre-2026 prices
petrol_price_at_spend_reports,NGN per litre,all,1000,1000,1000,S19;S21,Assumption,approximate petrol price when daily spend figures were reported (2024-25)
ridehail_commission,percent,car,25,27.5,30,S21,Medium,Uber/Bolt; InDrive ~10%
queue_time_per_refuel,hours,all,1.5,4,6,S02;S04,Medium,1.5 = NESG estimate; 4-6 = Abuja reports 2026; extreme case 10 hrs (S13)
refuels_per_day,count,all,1,1,1,,Assumption,survey item
daily_distance,km per day,keke,,,,,Gap,Survey item
daily_distance,km per day,danfo,,,,,Gap,Survey item
daily_distance,km per day,car,,,,,Gap,Survey item
danfo_fuel_use,km per litre,danfo,,,,,Gap,No published source; survey item
keke_daily_earnings,NGN per day,keke,,,,,Gap,No reliable published source; survey item
stations_national,count,all,,90,,S01;S11,Medium,23 vs 28 states disputed
stations_lagos,count,all,7,18,22,S34;S35;S36;S37,Low,7 = confirmed operational (2 sources); 22 = all named in lagos_cng_stations.csv incl. planned; IOGC network claims 15
